Cellname,Longitude,Latitude,LTE Users,Timing Advance,Azimuth
TID2CID1,16.845409,-28.476891,77,1226,46
TID2CID2,16.845409,-28.476891,13,190,164
TID2CID3,16.845409,-28.476891,50,457,291
TID3CID1,16.875825,-29.25672,81,859,43
TID3CID2,16.875825,-29.25672,78,2451,195
TID3CID3,16.875825,-29.25672,21,1770,315
TID4CID1,17.8354,-29.43964,58,258,64
TID4CID2,17.8354,-29.43964,23,1868,199
TID4CID3,17.8354,-29.43964,65,270,282
TID5CID1,17.935685,-30.43924,28,950,48
TID5CID2,17.935685,-30.43924,61,431,197
TID5CID3,17.935685,-30.43924,16,1861,311
TID6CID1,17.94410706,-33.0091095,8,2242,58
TID6CID2,17.94410706,-33.0091095,1,1726,197
TID6CID3,17.94410706,-33.0091095,56,1429,294
TID7CID1,17.97529,-32.980186,61,1291,56
TID7CID2,17.97529,-32.980186,88,2472,180
TID7CID3,17.97529,-32.980186,83,2250,307
TID8CID1,17.998346,-32.901871,42,2276,60
TID8CID2,17.998346,-32.901871,10,593,190
TID8CID3,17.998346,-32.901871,80,2130,286
TID9CID1,18.001703,-30.575642,29,1486,64
TID9CID2,18.001703,-30.575642,100,1670,173
TID9CID3,18.001703,-30.575642,96,1134,309
TID10CID1,18.01139832,-32.88963318,100,852,60
TID10CID2,18.01139832,-32.88963318,93,558,183
TID10CID3,18.01139832,-32.88963318,35,2217,301
TID11CID1,18.019827,-32.915581,29,58,59
TID11CID2,18.019827,-32.915581,40,1971,172
TID11CID3,18.019827,-32.915581,48,2470,283
TID12CID1,18.02375793,-32.91984558,51,623,46
TID12CID2,18.02375793,-32.91984558,57,1146,166
TID12CID3,18.02375793,-32.91984558,46,1404,291
TID13CID1,18.037437,-33.084641,50,2216,43
TID13CID2,18.037437,-33.084641,21,736,176
TID13CID3,18.037437,-33.084641,39,1784,306
TID14CID1,18.044847,-32.771992,31,940,43
TID14CID2,18.044847,-32.771992,40,424,160
TID14CID3,18.044847,-32.771992,85,1627,299
TID15CID1,18.0594635,-32.78663635,53,2157,79
TID15CID2,18.0594635,-32.78663635,27,1448,187
TID15CID3,18.0594635,-32.78663635,5,562,315
TID16CID1,18.15010071,-32.78663635,91,1284,78
TID16CID2,18.15010071,-32.78663635,27,503,179
TID16CID3,18.15010071,-32.78663635,0,453,300
TID17CID1,18.19541931,-32.78800964,88,970,68
TID17CID2,18.19541931,-32.78800964,82,113,171
TID17CID3,18.19541931,-32.78800964,21,1287,282
TID18CID1,18.23112488,-31.75254822,53,1500,72
TID18CID2,18.23112488,-31.75254822,38,548,191
TID18CID3,18.23112488,-31.75254822,25,1061,310
TID19CID1,18.242935,-33.340477,6,1074,49
TID19CID2,18.242935,-33.340477,100,1063,173
TID19CID3,18.242935,-33.340477,45,1149,283
TID20CID1,18.277987,-33.401127,43,363,52
TID20CID2,18.277987,-33.401127,1,330,185
TID20CID3,18.277987,-33.401127,55,94,281
TID21CID1,18.326918,-33.491722,80,1649,65
TID21CID2,18.326918,-33.491722,4,1714,182
TID21CID3,18.326918,-33.491722,42,261,281
TID22CID1,18.32725525,-34.05830383,41,732,65
TID22CID2,18.32725525,-34.05830383,74,1079,178
TID22CID3,18.32725525,-34.05830383,84,816,309
TID23CID1,18.34510803,-33.99925232,27,2026,43
TID23CID2,18.34510803,-33.99925232,96,2051,167
TID23CID3,18.34510803,-33.99925232,24,892,298
TID24CID1,18.34785461,-34.0473175,80,1678,50
TID24CID2,18.34785461,-34.0473175,76,162,177
TID24CID3,18.34785461,-34.0473175,82,1066,303
TID25CID1,18.356094,-33.985519,12,1722,52
TID25CID2,18.356094,-33.985519,99,321,186
TID25CID3,18.35609436,-33.98551941,74,188,282
TID26CID1,18.35746765,-34.01985168,98,1949,73
TID26CID2,18.35746765,-34.01985168,35,1268,165
TID26CID3,18.35746765,-34.01985168,32,1144,294
TID27CID1,18.35746765,-34.1544342,54,802,75
TID27CID2,18.35746765,-34.1544342,44,2357,193
TID27CID3,18.35746765,-34.1544342,5,1280,285
TID28CID1,18.35884094,-34.04045105,75,1869,68
TID28CID2,18.35884094,-34.04045105,56,1576,190
TID28CID3,18.35884094,-34.04045105,48,834,295
TID29CID1,18.36021423,-34.02534485,90,876,78
TID29CID2,18.36021423,-34.02534485,52,453,186
TID29CID3,18.36021423,-34.02534485,95,1253,311
TID30CID1,18.36296082,-34.02946472,75,706,63
TID30CID2,18.36296082,-34.02946472,49,1762,170
TID30CID3,18.36296082,-34.02946472,30,1759,282
TID31CID1,18.36433411,-34.13658142,89,2183,48
TID31CID2,18.36433411,-34.13658142,14,1336,170
TID31CID3,18.36433411,-34.13658142,30,1197,310
TID32CID1,18.37669373,-33.804245,19,1534,59
TID32CID2,18.37669373,-33.804245,38,916,175
TID32CID3,18.37669373,-33.804245,47,272,304
TID33CID1,18.378067,-33.959427,90,864,53
TID33CID2,18.37806702,-33.95942688,83,980,189
TID33CID3,18.37806702,-33.95942688,5,2141,282
TID34CID1,18.37806702,-33.96354675,26,2391,79
TID34CID2,18.37806702,-33.96354675,85,988,195
TID34CID3,18.37806702,-33.96354675,22,1954,299
TID35CID1,18.378067,-34.132462,3,1663,70
TID35CID2,18.37806702,-34.13246155,61,1339,174
TID35CID3,18.37806702,-34.13246155,14,494,287
TID36CID1,18.378077,-33.927479,2,625,67
TID36CID2,18.378077,-33.927479,17,1092,188
TID36CID3,18.378077,-33.927479,75,2039,317
TID37CID1,18.37944031,-33.92097473,65,2346,55
TID37CID2,18.37944031,-33.92097473,69,719,177
TID37CID3,18.37944031,-33.92097473,64,2469,297
TID38CID1,18.3808136,-33.91960144,91,1483,64
TID38CID2,18.3808136,-33.91960144,25,286,171
TID38CID3,18.3808136,-33.91960144,87,581,294
TID39CID1,18.38218689,-33.92234802,95,436,40
TID39CID2,18.38218689,-33.92234802,29,1538,165
TID39CID3,18.38218689,-33.92234802,33,65,301
TID40CID1,18.38356018,-33.37715149,6,763,42
TID40CID2,18.38356018,-33.37715149,69,2025,166
TID40CID3,18.38356018,-33.37715149,6,2074,282
TID41CID1,18.38356,-33.919601,62,2169,66
TID41CID2,18.38356018,-33.91960144,5,915,193
TID41CID3,18.38356018,-33.91960144,45,2430,314
TID42CID1,18.38493347,-33.91822815,68,199,67
TID42CID2,18.38493347,-33.91822815,23,459,183
TID42CID3,18.38493347,-33.91822815,63,804,299
TID43CID1,18.384981,-33.950157,36,2282,75
TID43CID2,18.384981,-33.950157,30,2165,193
TID43CID3,18.384981,-33.950157,42,1884,313
TID44CID1,18.38630676,-33.91548157,47,1604,80
TID44CID2,18.38630676,-33.91548157,63,2119,168
TID44CID3,18.38630676,-33.91548157,63,1224,290
TID45CID1,18.38630676,-33.91960144,62,1694,80
TID45CID2,18.38630676,-33.91960144,31,741,176
TID45CID3,18.38630676,-33.91960144,76,2289,312
TID46CID1,18.38768005,-34.11735535,71,1037,53
TID46CID2,18.38768005,-34.11735535,98,812,171
TID46CID3,18.38768005,-34.11735535,83,2424,311
TID47CID1,18.389053,-33.914108,15,522,63
TID47CID2,18.38905334,-33.91410828,91,579,192
TID47CID3,18.38905334,-33.91410828,46,1614,291
TID48CID1,18.389053,-33.915482,84,1925,50
TID48CID2,18.38905334,-33.91548157,53,2036,178
TID48CID3,18.38905334,-33.91548157,90,1627,307
TID49CID1,18.38905334,-33.96492004,26,815,69
TID49CID2,18.38905334,-33.96492004,100,282,197
TID49CID3,18.38905334,-33.96492004,56,1964,296
TID50CID1,18.390381,-33.914391,28,299,44
TID50CID2,18.390381,-33.914391,12,2171,186
TID50CID3,18.390381,-33.914391,96,1476,281
TID51CID1,18.39042664,-33.91273499,90,1429,70
TID51CID2,18.39042664,-33.91273499,18,410,164
TID51CID3,18.39042664,-33.91273499,7,649,303
TID52CID1,18.39042664,-33.91410828,17,766,40
TID52CID2,18.39042664,-33.91410828,57,2169,179
TID52CID3,18.39042664,-33.91410828,50,1160,312
TID53CID1,18.39042664,-33.91548157,51,864,71
TID53CID2,18.39042664,-33.91548157,35,1625,181
TID53CID3,18.39042664,-33.91548157,22,2343,294
TID54CID1,18.39042664,-33.91960144,76,871,66
TID54CID2,18.39042664,-33.91960144,46,1170,175
TID54CID3,18.39042664,-33.91960144,29,2414,313
TID55CID1,18.39179993,-33.91410828,1,169,50
TID55CID2,18.39179993,-33.91410828,58,1386,190
TID55CID3,18.39179993,-33.91410828,16,1395,300
TID56CID1,18.39179993,-33.94569397,54,708,70
TID56CID2,18.39179993,-33.94569397,47,1396,176
TID56CID3,18.39179993,-33.94569397,79,643,298
TID57CID1,18.39179993,-34.11186218,1,1969,42
TID57CID2,18.39179993,-34.11186218,26,2128,191
TID57CID3,18.39179993,-34.11186218,68,1923,318
TID58CID1,18.39179993,-34.11598206,77,1049,59
TID58CID2,18.39179993,-34.11598206,82,126,190
TID58CID3,18.39179993,-34.11598206,94,52,292
TID59CID1,18.393066,-33.912933,69,1301,73
TID59CID2,18.393066,-33.912933,77,2182,163
TID59CID3,18.393066,-33.912933,25,1957,301
TID60CID1,18.39317322,-33.91410828,62,1197,46
TID60CID2,18.39317322,-33.91410828,56,1921,192
TID60CID3,18.39317322,-33.91410828,14,67,308
TID61CID1,18.39317322,-33.91548157,9,1137,76
TID61CID2,18.39317322,-33.91548157,73,2159,177
TID61CID3,18.39317322,-33.91548157,94,2221,308
TID62CID1,18.39317322,-33.94432068,31,120,50
TID62CID2,18.39317322,-33.94432068,18,269,177
TID62CID3,18.39317322,-33.94432068,62,946,312
TID63CID1,18.393522,-33.913006,43,1692,58
TID63CID2,18.393522,-33.913006,99,708,173
TID63CID3,18.393522,-33.913006,43,913,302
TID64CID1,18.39454651,-33.94020081,16,772,58
TID64CID2,18.39454651,-33.94020081,24,1290,188
TID64CID3,18.39454651,-33.94020081,20,1929,282
TID65CID1,18.395342,-33.941795,21,941,57
TID65CID2,18.395342,-33.941795,18,423,195
TID65CID3,18.395342,-33.941795,23,1220,311
TID66CID1,18.3959198,-33.9099884,84,2443,57
TID66CID2,18.3959198,-33.9099884,59,970,187
TID66CID3,18.3959198,-33.9099884,32,1468,289
TID67CID1,18.3959198,-33.91136169,67,1865,65
TID67CID2,18.3959198,-33.91136169,54,2396,174
TID67CID3,18.3959198,-33.91136169,55,1352,304
TID68CID1,18.3959198,-33.91273499,66,452,43
TID68CID2,18.3959198,-33.91273499,4,251,196
TID68CID3,18.3959198,-33.91273499,20,2342,310
TID69CID1,18.3959198,-33.94020081,6,567,59
TID69CID2,18.3959198,-33.94020081,79,73,196
TID69CID3,18.3959198,-33.94020081,23,1288,315
TID70CID1,18.39729309,-33.90861511,60,400,52
TID70CID2,18.39729309,-33.90861511,65,356,196
TID70CID3,18.39729309,-33.90861511,22,677,302
TID71CID1,18.39729309,-33.9099884,55,403,79
TID71CID2,18.39729309,-33.9099884,46,1573,176
TID71CID3,18.39729309,-33.9099884,28,1260,311
TID72CID1,18.397806,-33.905975,42,172,72
TID72CID2,18.397806,-33.905975,3,479,172
TID72CID3,18.397806,-33.905975,98,838,306
TID73CID1,18.39866638,-33.93882751,71,1134,69
TID73CID2,18.39866638,-33.93882751,8,1211,184
TID73CID3,18.39866638,-33.93882751,91,1763,296
TID74CID1,18.40003967,-33.90312195,9,790,73
TID74CID2,18.40003967,-33.90312195,36,98,189
TID74CID3,18.40003967,-33.90312195,33,1602,282
TID75CID1,18.40141296,-33.90174866,29,940,77
TID75CID2,18.40141296,-33.90174866,46,336,192
TID75CID3,18.401413,-33.901749,94,375,282
TID76CID1,18.40141296,-33.93470764,9,1481,70
TID76CID2,18.40141296,-33.93470764,16,469,164
TID76CID3,18.40141296,-33.93470764,45,2255,280
TID77CID1,18.4021,-33.903122,48,2085,59
TID77CID2,18.4021,-33.903122,66,972,194
TID77CID3,18.4021,-33.903122,56,981,308
TID78CID1,18.40278625,-33.93608093,54,451,61
TID78CID2,18.40278625,-33.93608093,60,77,183
TID78CID3,18.40278625,-33.93608093,18,2014,311
TID79CID1,18.40278625,-33.94844055,44,777,54
TID79CID2,18.40278625,-33.94844055,2,471,173
TID79CID3,18.40278625,-33.94844055,19,279,311
TID80CID1,18.40278625,-33.95256042,13,435,53
TID80CID2,18.40278625,-33.95256042,16,2125,161
TID80CID3,18.40278625,-33.95256042,2,1749,299
TID81CID1,18.40278625,-33.9566803,2,1544,49
TID81CID2,18.40278625,-33.9566803,43,2389,167
TID81CID3,18.40278625,-33.9566803,22,2245,288
TID82CID1,18.402903,-33.957314,64,1905,45
TID82CID2,18.402903,-33.957314,80,244,174
TID82CID3,18.402903,-33.957314,65,1446,301
TID83CID1,18.40553284,-34.12284851,86,111,76
TID83CID2,18.40553284,-34.12284851,57,271,167
TID83CID3,18.40553284,-34.12284851,2,899,290
TID84CID1,18.406878,-33.905125,60,420,44
TID84CID2,18.406878,-33.905125,89,2082,172
TID84CID3,18.406878,-33.905125,2,2389,312
TID85CID1,18.40827942,-33.91136169,54,1852,58
TID85CID2,18.40827942,-33.91136169,19,1481,173
TID85CID3,18.40827942,-33.91136169,0,594,319
TID86CID1,18.40827942,-33.93196106,32,613,49
TID86CID2,18.40827942,-33.93196106,14,1845,188
TID86CID3,18.40827942,-33.93196106,81,1621,303
TID87CID1,18.408878,-34.205452,18,1151,50
TID87CID2,18.408878,-34.205452,87,901,181
TID87CID3,18.408878,-34.205452,50,1837,306
TID88CID1,18.40965271,-33.91136169,86,703,78
TID88CID2,18.40965271,-33.91136169,1,1286,181
TID88CID3,18.40965271,-33.91136169,96,1447,303
TID89CID1,18.40965271,-33.92921448,22,1227,63
TID89CID2,18.40965271,-33.92921448,3,2090,184
TID89CID3,18.40965271,-33.92921448,70,2325,308
TID90CID1,18.411026,-34.01023865,39,1145,48
TID90CID2,18.411026,-34.01023865,82,876,178
TID90CID3,18.411026,-34.01023865,21,1364,294
TID91CID1,18.41239929,-33.89900208,88,2403,74
TID91CID2,18.41239929,-33.89900208,79,729,191
TID91CID3,18.41239929,-33.89900208,85,1588,289
TID92CID1,18.41239929,-33.92784119,91,2060,76
TID92CID2,18.41239929,-33.92784119,74,1755,194
TID92CID3,18.41239929,-33.92784119,29,1338,281
TID93CID1,18.41239929,-33.92921448,94,758,66
TID93CID2,18.41239929,-33.92921448,85,1800,174
TID93CID3,18.41239929,-33.92921448,88,1835,296
TID94CID1,18.41239929,-33.93058777,86,1634,47
TID94CID2,18.41239929,-33.93058777,44,1402,189
TID94CID3,18.41239929,-33.93058777,21,108,319
TID95CID1,18.41239929,-34.10224915,44,1287,48
TID95CID2,18.41239929,-34.10224915,52,1596,199
TID95CID3,18.41239929,-34.10224915,97,272,295
TID96CID1,18.41239929,-34.14894104,61,701,52
TID96CID2,18.41239929,-34.14894104,73,1770,194
TID96CID3,18.41239929,-34.14894104,6,1703,284
TID97CID1,18.413637,-33.927391,25,1105,55
TID97CID2,18.413637,-33.927391,55,2166,191
TID97CID3,18.413637,-33.927391,72,675,284
TID98CID1,18.41377258,-33.90449524,7,70,56
TID98CID2,18.41377258,-33.90449524,23,577,192
TID98CID3,18.413773,-33.904495,75,563,307
TID99CID1,18.41377258,-33.90724182,74,2140,52
TID99CID2,18.41377258,-33.90724182,13,694,192
TID99CID3,18.41377258,-33.90724182,45,1357,285
TID100CID1,18.41377258,-33.93470764,99,2376,80
TID100CID2,18.41377258,-33.93470764,39,2229,198
TID100CID3,18.41377258,-33.93470764,37,1453,306
TID101CID1,18.41514587,-33.90312195,20,544,75
TID101CID2,18.41514587,-33.90312195,88,1560,160
TID101CID3,18.41514587,-33.90312195,72,784,313
TID102CID1,18.41514587,-33.90724182,96,126,40
TID102CID2,18.41514587,-33.90724182,19,1434,165
TID102CID3,18.41514587,-33.90724182,97,518,296
TID103CID1,18.41514587,-33.92784119,81,1328,74
TID103CID2,18.41514587,-33.92784119,82,855,164
TID103CID3,18.41514587,-33.92784119,62,876,280
TID104CID1,18.41651917,-33.90174866,55,213,68
TID104CID2,18.41651917,-33.90174866,18,522,176
TID104CID3,18.41651917,-33.90174866,18,1382,317
TID105CID1,18.41651917,-33.90312195,52,1763,64
TID105CID2,18.41651917,-33.90312195,25,1838,186
TID105CID3,18.41651917,-33.90312195,26,268,314
TID106CID1,18.41651917,-33.91136169,29,454,63
TID106CID2,18.41651917,-33.91136169,39,2212,170
TID106CID3,18.41651917,-33.91136169,66,98,291
TID107CID1,18.41651917,-33.91273499,51,1167,56
TID107CID2,18.41651917,-33.91273499,10,123,199
TID107CID3,18.41651917,-33.91273499,95,2276,297
TID108CID1,18.41651917,-33.92784119,8,1849,57
TID108CID2,18.41651917,-33.92784119,34,2302,160
TID108CID3,18.41651917,-33.92784119,99,407,308
TID109CID1,18.41651917,-33.92921448,15,987,73
TID109CID2,18.41651917,-33.92921448,29,185,174
TID109CID3,18.41651917,-33.92921448,10,2124,284
TID110CID1,18.41651917,-33.93882751,86,434,41
TID110CID2,18.41651917,-33.93882751,33,1941,160
TID110CID3,18.41651917,-33.93882751,45,361,290
TID111CID1,18.416574,-33.922394,17,557,44
TID111CID2,18.416574,-33.922394,28,178,174
TID111CID3,18.416574,-33.922394,16,981,295
TID112CID1,18.41789246,-33.90312195,13,1369,70
TID112CID2,18.41789246,-33.90312195,17,79,178
TID112CID3,18.41789246,-33.90312195,60,1995,303
TID113CID1,18.41789246,-33.90449524,29,2492,59
TID113CID2,18.41789246,-33.90449524,41,1478,169
TID113CID3,18.41789246,-33.90449524,2,1399,287
TID114CID1,18.41789246,-33.93333435,33,2452,49
TID114CID2,18.41789246,-33.93333435,54,1196,165
TID114CID3,18.41789246,-33.93333435,76,399,317
TID115CID1,18.418579,-33.929214,19,218,45
TID115CID2,18.418579,-33.929214,68,775,186
TID115CID3,18.418579,-33.929214,17,2078,295
TID116CID1,18.419266,-33.905182,39,2291,40
TID116CID2,18.419266,-33.905182,68,1763,189
TID116CID3,18.419266,-33.905182,29,2470,308
TID117CID1,18.41926575,-33.91273499,81,288,77
TID117CID2,18.41926575,-33.91273499,22,2421,197
TID117CID3,18.41926575,-33.91273499,13,1939,287
TID118CID1,18.41926575,-34.01847839,4,1929,73
TID118CID2,18.41926575,-34.01847839,34,1724,170
TID118CID3,18.41926575,-34.01847839,91,1176,282
TID119CID1,18.419317,-33.912861,39,239,52
TID119CID2,18.419317,-33.912861,32,1587,192
TID119CID3,18.419317,-33.912861,82,433,292
TID120CID1,18.42063904,-33.90861511,60,100,45
TID120CID2,18.42063904,-33.90861511,24,2419,194
TID120CID3,18.42063904,-33.90861511,42,653,305
TID121CID1,18.42063904,-33.93058777,49,1882,62
TID121CID2,18.42063904,-33.93058777,56,379,196
TID121CID3,18.42063904,-33.93058777,31,1938,312
TID122CID1,18.420639,-33.931274,84,1373,41
TID122CID2,18.420639,-33.931274,57,1249,181
TID122CID3,18.420639,-33.931274,17,585,309
TID123CID1,18.42063904,-33.93470764,65,1309,56
TID123CID2,18.42063904,-33.93470764,5,181,187
TID123CID3,18.42063904,-33.93470764,54,2439,300
TID124CID1,18.42063904,-33.99787903,53,503,43
TID124CID2,18.42063904,-33.99787903,72,1323,190
TID124CID3,18.42063904,-33.99787903,90,809,304
TID125CID1,18.42063904,-34.05006409,87,55,63
TID125CID2,18.42063904,-34.05006409,17,1496,164
TID125CID3,18.42063904,-34.05006409,75,1470,299
TID126CID1,18.42063904,-34.13658142,13,854,50
TID126CID2,18.42063904,-34.13658142,7,1590,190
TID126CID3,18.42063904,-34.13658142,56,1692,284
TID127CID1,18.421326,-33.923721,98,1372,80
TID127CID2,18.421326,-33.923721,74,2127,182
TID127CID3,18.421326,-33.923721,34,343,306
TID128CID1,18.421486,-33.915257,87,2112,63
TID128CID2,18.421486,-33.915257,50,2396,171
TID128CID3,18.421486,-33.915257,44,979,287
TID129CID1,18.42201233,-33.9250946,67,1419,59
TID129CID2,18.42201233,-33.9250946,15,1292,178
TID129CID3,18.42201233,-33.9250946,62,1861,303
TID130CID1,18.42201233,-33.93333435,13,1573,52
TID130CID2,18.42201233,-33.93333435,55,2312,164
TID130CID3,18.42201233,-33.93333435,35,1035,311
TID131CID1,18.42201233,-33.93470764,95,54,49
TID131CID2,18.42201233,-33.93470764,94,582,161
TID131CID3,18.42201233,-33.93470764,27,1049,301
TID132CID1,18.42201233,-33.99513245,15,731,72
TID132CID2,18.42201233,-33.99513245,22,1050,182
TID132CID3,18.42201233,-33.99513245,69,837,319
TID133CID1,18.42201233,-34.08302307,1,2119,64
TID133CID2,18.42201233,-34.08302307,45,2217,195
TID133CID3,18.42201233,-34.08302307,16,664,285
TID134CID1,18.42201233,-34.08714294,7,688,70
TID134CID2,18.42201233,-34.08714294,88,551,161
TID134CID3,18.42201233,-34.08714294,41,1612,282
TID135CID1,18.42201233,-34.09950256,36,1468,67
TID135CID2,18.42201233,-34.09950256,15,1839,191
TID135CID3,18.42201233,-34.09950256,35,438,302
TID136CID1,18.422258,-33.966034,76,1119,44
TID136CID2,18.422258,-33.966034,13,199,181
TID136CID3,18.422258,-33.966034,55,1955,296
TID137CID1,18.422699,-33.922348,41,2271,44
TID137CID2,18.422699,-33.922348,91,2267,197
TID137CID3,18.422699,-33.922348,29,424,281
TID138CID1,18.423063,-33.92997,94,1294,70
TID138CID2,18.423063,-33.92997,3,652,184
TID138CID3,18.423063,-33.92997,67,888,284
TID139CID1,18.423246,-33.916653,13,1715,62
TID139CID2,18.423246,-33.916653,31,406,161
TID139CID3,18.423246,-33.916653,0,216,320
TID140CID1,18.42338562,-33.91685486,77,1800,75
TID140CID2,18.42338562,-33.91685486,100,656,196
TID140CID3,18.423386,-33.916855,15,2088,303
TID141CID1,18.42338562,-33.92097473,59,1970,49
TID141CID2,18.42338562,-33.92097473,77,2066,161
TID141CID3,18.423386,-33.920975,25,1750,308
TID142CID1,18.42338562,-33.9250946,10,1898,48
TID142CID2,18.42338562,-33.9250946,32,549,183
TID142CID3,18.42338562,-33.9250946,63,2019,296
TID143CID1,18.42338562,-33.92921448,42,2086,72
TID143CID2,18.42338562,-33.92921448,21,1985,196
TID143CID3,18.42338562,-33.92921448,11,860,316
TID144CID1,18.42338562,-34.08164978,14,737,80
TID144CID2,18.42338562,-34.08164978,86,1480,196
TID144CID3,18.42338562,-34.08164978,63,1650,301
TID145CID1,18.42475891,-33.91685486,95,1879,48
TID145CID2,18.42475891,-33.91685486,72,633,174
TID145CID3,18.42475891,-33.91685486,5,850,294
TID146CID1,18.42475891,-33.91822815,11,1089,53
TID146CID2,18.42475891,-33.91822815,18,167,169
TID146CID3,18.42475891,-33.91822815,79,520,297
TID147CID1,18.42475891,-33.92784119,14,339,44
TID147CID2,18.42475891,-33.92784119,0,2410,161
TID147CID3,18.42475891,-33.92784119,71,2434,298
TID148CID1,18.42475891,-33.93470764,0,906,68
TID148CID2,18.42475891,-33.93470764,21,165,196
TID148CID3,18.42475891,-33.93470764,34,1681,298
TID149CID1,18.42475891,-34.02259827,57,217,40
TID149CID2,18.42475891,-34.02259827,69,2314,195
TID149CID3,18.42475891,-34.02259827,25,1578,302
TID150CID1,18.42475891,-34.0486908,31,1717,58
TID150CID2,18.42475891,-34.0486908,47,627,194
TID150CID3,18.42475891,-34.0486908,49,1882,280
TID151CID1,18.42475891,-34.08164978,61,1026,58
TID151CID2,18.42475891,-34.08164978,18,204,187
TID151CID3,18.424759,-34.08165,27,1756,285
TID152CID1,18.42475891,-34.08302307,60,1240,75
TID152CID2,18.42475891,-34.08302307,14,975,186
TID152CID3,18.42475891,-34.08302307,57,2172,288
TID153CID1,18.424824,-33.926186,40,2076,77
TID153CID2,18.424824,-33.926186,72,2422,166
TID153CID3,18.424824,-33.926186,26,1551,286
TID154CID1,18.42491,-33.913113,95,2169,73
TID154CID2,18.42491,-33.913113,60,1415,199
TID154CID3,18.42491,-33.913113,32,1013,295
TID155CID1,18.425673,-33.926174,69,2148,57
TID155CID2,18.425673,-33.926174,36,1032,178
TID155CID3,18.425673,-33.926174,84,618,299
TID156CID1,18.4261322,-33.92784119,27,1199,51
TID156CID2,18.4261322,-33.92784119,90,1096,191
TID156CID3,18.4261322,-33.92784119,70,774,308
TID157CID1,18.4261322,-34.08439636,29,1553,55
TID157CID2,18.4261322,-34.08439636,55,1024,173
TID157CID3,18.4261322,-34.08439636,57,2479,298
TID158CID1,18.4261322,-34.08714294,0,2234,61
TID158CID2,18.4261322,-34.08714294,0,744,193
TID158CID3,18.4261322,-34.08714294,66,703,290
TID159CID1,18.426531,-33.913101,85,2036,76
TID159CID2,18.426531,-33.913101,30,1983,195
TID159CID3,18.426531,-33.913101,79,1189,301
TID160CID1,18.427048,-33.915409,23,1649,77
TID160CID2,18.427048,-33.915409,27,1938,178
TID160CID3,18.427048,-33.915409,91,2491,312
TID161CID1,18.42750549,-33.91822815,71,1674,67
TID161CID2,18.42750549,-33.91822815,30,2178,164
TID161CID3,18.42750549,-33.91822815,72,1079,284
TID162CID1,18.42750549,-33.93470764,83,1374,65
TID162CID2,18.42750549,-33.93470764,51,792,191
TID162CID3,18.42750549,-33.93470764,56,840,293
TID163CID1,18.428442,-34.170429,83,110,51
TID163CID2,18.428442,-34.170429,44,1878,163
TID163CID3,18.428442,-34.170429,55,361,303
TID164CID1,18.428652,-33.919739,72,1292,65
TID164CID2,18.428652,-33.919739,2,1861,183
TID164CID3,18.428652,-33.919739,89,950,283
TID165CID1,18.42887878,-33.90312195,1,1816,71
TID165CID2,18.42887878,-33.90312195,8,243,187
TID165CID3,18.42887878,-33.90312195,70,121,290
TID166CID1,18.42887878,-34.17228699,91,288,79
TID166CID2,18.42887878,-34.17228699,51,873,187
TID166CID3,18.42887878,-34.17228699,30,1145,281
TID167CID1,18.429747,-34.140846,50,1625,56
TID167CID2,18.429747,-34.140846,6,2435,197
TID167CID3,18.429747,-34.140846,100,1533,298
TID168CID1,18.430079,-33.918209,26,958,58
TID168CID2,18.430079,-33.918209,58,2267,187
TID168CID3,18.430079,-33.918209,88,1861,280
TID169CID1,18.43025208,-33.92097473,56,550,73
TID169CID2,18.43025208,-33.92097473,8,1301,182
TID169CID3,18.43025208,-33.92097473,19,472,310
TID170CID1,18.43025208,-33.92784119,32,504,60
TID170CID2,18.43025208,-33.92784119,54,1501,176
TID170CID3,18.43025208,-33.92784119,83,2405,311
TID171CID1,18.43025208,-33.93882751,4,2136,72
TID171CID2,18.43025208,-33.93882751,64,1620,193
TID171CID3,18.43025208,-33.93882751,52,1200,300
TID172CID1,18.43071,-33.916855,77,1327,67
TID172CID2,18.43071,-33.916855,66,1054,194
TID172CID3,18.43071,-33.916855,31,202,302
TID173CID1,18.43162537,-33.98826599,36,153,48
TID173CID2,18.43162537,-33.98826599,29,181,187
TID173CID3,18.43162537,-33.98826599,87,220,306
TID174CID1,18.43162537,-34.07752991,1,2184,46
TID174CID2,18.43162537,-34.07752991,95,963,193
TID174CID3,18.43162537,-34.07752991,68,2073,317
TID175CID1,18.432793,-33.891151,28,2000,59
TID175CID2,18.432793,-33.891151,53,635,177
TID175CID3,18.432793,-33.891151,74,682,320
TID176CID1,18.43299866,-33.9250946,33,1151,55
TID176CID2,18.43299866,-33.9250946,43,964,164
TID176CID3,18.43299866,-33.9250946,82,2271,294
TID177CID1,18.43299866,-34.19288635,24,779,63
TID177CID2,18.43299866,-34.19288635,89,752,179
TID177CID3,18.43299866,-34.19288635,19,449,293
TID178CID1,18.433353,-33.926891,98,1615,43
TID178CID2,18.433353,-33.926891,23,90,186
TID178CID3,18.433353,-33.926891,28,602,294
TID179CID1,18.43437195,-33.91960144,4,233,59
TID179CID2,18.43437195,-33.91960144,14,921,195
TID179CID3,18.43437195,-33.91960144,32,257,284
TID180CID1,18.43574524,-33.92097473,23,1680,50
TID180CID2,18.43574524,-33.92097473,30,707,169
TID180CID3,18.43574524,-33.92097473,89,522,303
TID181CID1,18.43574524,-33.92921448,3,1061,64
TID181CID2,18.43574524,-33.92921448,67,1631,177
TID181CID3,18.43574524,-33.92921448,14,199,282
TID182CID1,18.43574524,-34.14344788,21,1410,63
TID182CID2,18.43574524,-34.14344788,20,1130,160
TID182CID3,18.43574524,-34.14344788,32,1168,283
TID183CID1,18.436134,-34.132942,0,2324,66
TID183CID2,18.436134,-34.132942,9,2289,174
TID183CID3,18.436134,-34.132942,35,498,299
TID184CID1,18.43711853,-33.92097473,67,991,50
TID184CID2,18.43711853,-33.92097473,19,1305,196
TID184CID3,18.43711853,-33.92097473,94,2273,285
TID185CID1,18.43711853,-33.92234802,11,2285,61
TID185CID2,18.43711853,-33.92234802,59,1221,173
TID185CID3,18.43711853,-33.92234802,39,1181,304
TID186CID1,18.43711853,-33.9264679,76,1587,41
TID186CID2,18.43711853,-33.9264679,61,1134,170
TID186CID3,18.437119,-33.926468,62,2222,316
TID187CID1,18.43711853,-33.93745422,27,962,72
TID187CID2,18.43711853,-33.93745422,37,2470,186
TID187CID3,18.43711853,-33.93745422,22,904,301
TID188CID1,18.43711853,-34.09263611,20,1229,45
TID188CID2,18.43711853,-34.09263611,37,602,160
TID188CID3,18.43711853,-34.09263611,13,1897,310
TID189CID1,18.43849182,-34.02122498,81,2306,71
TID189CID2,18.43849182,-34.02122498,65,1138,171
TID189CID3,18.43849182,-34.02122498,40,139,310
TID190CID1,18.43986511,-33.93058777,84,2144,44
TID190CID2,18.43986511,-33.93058777,91,746,195
TID190CID3,18.43986511,-33.93058777,33,1903,286
TID191CID1,18.43986511,-34.08027649,8,1415,79
TID191CID2,18.43986511,-34.08027649,53,1668,194
TID191CID3,18.43986511,-34.08027649,21,2300,316
TID192CID1,18.4412384,-33.93196106,67,72,73
TID192CID2,18.4412384,-33.93196106,35,97,160
TID192CID3,18.4412384,-33.93196106,73,1440,283
TID193CID1,18.4412384,-33.93882751,49,2011,57
TID193CID2,18.4412384,-33.93882751,67,705,183
TID193CID3,18.4412384,-33.93882751,5,2065,297
TID194CID1,18.4412384,-33.98139954,27,620,54
TID194CID2,18.4412384,-33.98139954,58,152,167
TID194CID3,18.4412384,-33.98139954,9,865,302
TID195CID1,18.4412384,-34.08164978,72,2351,73
TID195CID2,18.4412384,-34.08164978,14,1324,181
TID195CID3,18.4412384,-34.08164978,98,969,284
TID196CID1,18.44261169,-33.93882751,30,441,45
TID196CID2,18.44261169,-33.93882751,20,1205,193
TID196CID3,18.44261169,-33.93882751,36,1187,301
TID197CID1,18.44261169,-34.0789032,16,2336,66
TID197CID2,18.44261169,-34.0789032,45,2038,170
TID197CID3,18.44261169,-34.0789032,1,1248,297
TID198CID1,18.443321,-33.921589,100,281,49
TID198CID2,18.443321,-33.921589,37,1174,175
TID198CID3,18.443321,-33.921589,98,2113,315
TID199CID1,18.44398499,-33.93745422,4,1993,56
TID199CID2,18.44398499,-33.93745422,86,1483,183
TID199CID3,18.44398499,-33.93745422,57,163,299
TID200CID1,18.44398499,-34.04045105,89,1564,56
TID200CID2,18.44398499,-34.04045105,59,102,189
TID200CID3,18.44398499,-34.04045105,1,2039,294
TID201CID1,18.444672,-33.938141,65,2406,57
TID201CID2,18.444672,-33.938141,50,1928,160
TID201CID3,18.444672,-33.938141,73,1649,314
TID202CID1,18.44535828,-34.0322113,83,1152,57
TID202CID2,18.44535828,-34.0322113,81,2183,191
TID202CID3,18.44535828,-34.0322113,93,1320,317
TID203CID1,18.445358,-34.050064,77,1877,43
TID203CID2,18.44535828,-34.05006409,36,1213,197
TID203CID3,18.44535828,-34.05006409,91,1973,295
TID204CID1,18.44673157,-33.92234802,9,319,60
TID204CID2,18.44673157,-33.92234802,27,659,167
TID204CID3,18.446732,-33.922348,44,1667,291
TID205CID1,18.44673157,-33.9250946,79,1771,61
TID205CID2,18.44673157,-33.9250946,23,1024,195
TID205CID3,18.44673157,-33.9250946,15,1655,314
TID206CID1,18.44673157,-34.01985168,48,1506,73
TID206CID2,18.44673157,-34.01985168,80,503,162
TID206CID3,18.44673157,-34.01985168,57,1136,297
TID207CID1,18.44673157,-34.02809143,25,2087,54
TID207CID2,18.44673157,-34.02809143,38,2189,176
TID207CID3,18.44673157,-34.02809143,64,718,280
TID208CID1,18.44673157,-34.02946472,97,891,77
TID208CID2,18.44673157,-34.02946472,8,588,198
TID208CID3,18.44673157,-34.02946472,71,110,318
TID209CID1,18.44673157,-34.05418396,82,1660,75
TID209CID2,18.44673157,-34.05418396,16,1345,193
TID209CID3,18.446732,-34.054184,10,262,286
TID210CID1,18.44673157,-34.05555725,20,182,73
TID210CID2,18.44673157,-34.05555725,93,828,191
TID210CID3,18.44673157,-34.05555725,76,90,285
TID211CID1,18.44673157,-34.07203674,49,69,72
TID211CID2,18.44673157,-34.07203674,49,1057,184
TID211CID3,18.44673157,-34.07203674,60,743,308
TID212CID1,18.44673157,-34.07752991,7,286,52
TID212CID2,18.446732,-34.07753,80,2275,194
TID212CID3,18.446732,-34.07753,18,1679,320
TID213CID1,18.44673157,-34.0789032,2,823,71
TID213CID2,18.44673157,-34.0789032,82,2106,177
TID213CID3,18.44673157,-34.0789032,69,1291,285
TID214CID1,18.44673157,-34.19425964,37,745,67
TID214CID2,18.44673157,-34.19425964,77,312,197
TID214CID3,18.44673157,-34.19425964,31,1547,301
TID215CID1,18.44673157,-34.19563293,90,538,40
TID215CID2,18.44673157,-34.19563293,46,381,178
TID215CID3,18.44673157,-34.19563293,44,463,313
TID216CID1,18.4473,-33.925137,92,901,59
TID216CID2,18.4473,-33.925137,20,1218,165
TID216CID3,18.4473,-33.925137,95,2116,291
TID217CID1,18.447821,-34.075661,83,498,73
TID217CID2,18.447821,-34.075661,94,384,194
TID217CID3,18.447821,-34.075661,85,1248,297
TID218CID1,18.447981,-34.022617,90,2424,62
TID218CID2,18.447981,-34.022617,85,478,199
TID218CID3,18.447981,-34.022617,11,912,298
TID219CID1,18.44810486,-33.9264679,88,927,41
TID219CID2,18.44810486,-33.9264679,21,104,199
TID219CID3,18.448105,-33.926468,63,135,301
TID220CID1,18.44810486,-33.93470764,5,2446,60
TID220CID2,18.44810486,-33.93470764,78,318,177
TID220CID3,18.44810486,-33.93470764,18,927,294
TID221CID1,18.44810486,-34.02534485,16,1549,77
TID221CID2,18.44810486,-34.02534485,53,1569,167
TID221CID3,18.44810486,-34.02534485,50,1419,302
TID222CID1,18.44810486,-34.05830383,95,908,45
TID222CID2,18.44810486,-34.05830383,63,1260,188
TID222CID3,18.44810486,-34.05830383,100,2368,303
TID223CID1,18.44810486,-34.06791687,64,1726,51
TID223CID2,18.44810486,-34.06791687,67,703,170
TID223CID3,18.448105,-34.067917,44,255,298
TID224CID1,18.448181,-34.021912,19,493,68
TID224CID2,18.448181,-34.021912,91,569,172
TID224CID3,18.448181,-34.021912,73,1768,317
TID225CID1,18.448498,-33.976856,23,1100,66
TID225CID2,18.448498,-33.976856,50,1107,193
TID225CID3,18.448498,-33.976856,61,1998,307
TID226CID1,18.448889,-33.713276,73,61,41
TID226CID2,18.448889,-33.713276,45,1810,178
TID226CID3,18.448889,-33.713276,62,2375,296
TID227CID1,18.44947815,-33.93608093,69,2062,79
TID227CID2,18.44947815,-33.93608093,91,1382,162
TID227CID3,18.44947815,-33.93608093,27,455,314
TID228CID1,18.44947815,-34.00062561,100,435,58
TID228CID2,18.44947815,-34.00062561,82,1093,164
TID228CID3,18.44947815,-34.00062561,17,483,297
TID229CID1,18.44954,-33.986395,100,2390,73
TID229CID2,18.44954,-33.986395,67,2330,184
TID229CID3,18.44954,-33.986395,42,1948,291
TID230CID1,18.450333,-34.053776,87,443,72
TID230CID2,18.450333,-34.053776,59,371,169
TID230CID3,18.450333,-34.053776,63,799,307
TID231CID1,18.450529,-33.935474,97,330,74
TID231CID2,18.450529,-33.935474,8,932,194
TID231CID3,18.450529,-33.935474,42,537,315
TID232CID1,18.45085144,-33.93745422,78,611,76
TID232CID2,18.45085144,-33.93745422,5,2067,165
TID232CID3,18.45085144,-33.93745422,83,2287,314
TID233CID1,18.45085144,-33.97865295,59,237,56
TID233CID2,18.45085144,-33.97865295,49,2239,180
TID233CID3,18.45085144,-33.97865295,21,549,286
TID234CID1,18.45085144,-34.02122498,65,1148,41
TID234CID2,18.45085144,-34.02122498,17,1121,160
TID234CID3,18.45085144,-34.02122498,44,115,319
TID235CID1,18.45085144,-34.19837952,90,65,71
TID235CID2,18.45085144,-34.19837952,95,1019,189
TID235CID3,18.45085144,-34.19837952,31,925,314
TID236CID1,18.45222473,-33.93745422,72,1594,58
TID236CID2,18.45222473,-33.93745422,29,1956,181
TID236CID3,18.45222473,-33.93745422,3,2466,285
TID237CID1,18.45222473,-33.94981384,84,1831,76
TID237CID2,18.45222473,-33.94981384,19,596,185
TID237CID3,18.45222473,-33.94981384,25,784,304
TID238CID1,18.45222473,-33.9717865,44,1246,60
TID238CID2,18.45222473,-33.9717865,81,1578,189
TID238CID3,18.45222473,-33.9717865,39,136,285
TID239CID1,18.45222473,-33.98551941,80,722,58
TID239CID2,18.45222473,-33.98551941,30,1135,190
TID239CID3,18.45222473,-33.98551941,92,404,310
TID240CID1,18.45222473,-33.99650574,38,511,41
TID240CID2,18.45222473,-33.99650574,1,2074,177
TID240CID3,18.45222473,-33.99650574,78,1099,293
TID241CID1,18.453384,-34.078159,42,2243,77
TID241CID2,18.453384,-34.078159,1,541,173
TID241CID3,18.453384,-34.078159,85,112,307
TID242CID1,18.453598,-33.934708,45,1022,62
TID242CID2,18.45359802,-33.93470764,16,1271,179
TID242CID3,18.45359802,-33.93470764,44,1742,313
TID243CID1,18.453598,-33.982773,43,644,49
TID243CID2,18.45359802,-33.98277283,8,2394,174
TID243CID3,18.45359802,-33.98277283,8,449,295
TID244CID1,18.45359802,-33.98826599,24,1797,42
TID244CID2,18.45359802,-33.98826599,37,1925,180
TID244CID3,18.45359802,-33.98826599,34,1999,303
TID245CID1,18.45359802,-34.01161194,46,325,62
TID245CID2,18.45359802,-34.01161194,1,2139,188
TID245CID3,18.45359802,-34.01161194,69,86,280
TID246CID1,18.45359802,-34.0171051,13,1989,48
TID246CID2,18.45359802,-34.0171051,50,2350,189
TID246CID3,18.45359802,-34.0171051,72,1897,297
TID247CID1,18.45359802,-34.2011261,29,369,70
TID247CID2,18.45359802,-34.2011261,88,1081,193
TID247CID3,18.45359802,-34.2011261,7,743,307
TID248CID1,18.45359802,-34.32197571,12,1381,43
TID248CID2,18.45359802,-34.32197571,38,171,200
TID248CID3,18.45359802,-34.32197571,48,1522,309
TID249CID1,18.454868,-34.019444,94,501,73
TID249CID2,18.454868,-34.019444,46,1254,186
TID249CID3,18.454868,-34.019444,70,1908,299
TID250CID1,18.454876,-33.927994,59,1470,48
TID250CID2,18.454876,-33.927994,98,2390,188
TID250CID3,18.454876,-33.927994,12,1406,306
TID251CID1,18.45497131,-33.78089905,56,1866,69
TID251CID2,18.45497131,-33.78089905,6,172,190
TID251CID3,18.45497131,-33.78089905,33,1539,304
TID252CID1,18.45497131,-33.96766663,18,803,53
TID252CID2,18.45497131,-33.96766663,26,733,161
TID252CID3,18.45497131,-33.96766663,25,1691,295
TID253CID1,18.45497131,-33.96903992,80,1368,68
TID253CID2,18.45497131,-33.96903992,91,1472,187
TID253CID3,18.45497131,-33.96903992,89,611,289
TID254CID1,18.45497131,-34.02397156,4,822,56
TID254CID2,18.45497131,-34.02397156,91,753,162
TID254CID3,18.45497131,-34.02397156,37,944,302
TID255CID1,18.456221,-33.931686,35,1510,40
TID255CID2,18.456221,-33.931686,86,420,199
TID255CID3,18.456221,-33.931686,68,2463,282
TID256CID1,18.4563446,-33.7877655,75,1949,80
TID256CID2,18.4563446,-33.7877655,93,2447,176
TID256CID3,18.4563446,-33.7877655,97,1132,289
TID257CID1,18.4563446,-33.95256042,2,1740,41
TID257CID2,18.4563446,-33.95256042,33,1593,177
TID257CID3,18.4563446,-33.95256042,39,1269,296
TID258CID1,18.4563446,-34.01435852,33,59,58
TID258CID2,18.4563446,-34.01435852,32,956,162
TID258CID3,18.4563446,-34.01435852,62,1499,301
TID259CID1,18.456511,-33.672981,74,1205,51
TID259CID2,18.456511,-33.672981,38,551,194
TID259CID3,18.456511,-33.672981,33,1922,314
TID260CID1,18.457062,-33.725304,16,2291,51
TID260CID2,18.457062,-33.725304,93,317,166
TID260CID3,18.457062,-33.725304,1,264,282
TID261CID1,18.457151,-33.930035,40,1751,51
TID261CID2,18.457151,-33.930035,68,1637,176
TID261CID3,18.457151,-33.930035,13,2291,307
TID262CID1,18.457281,-33.787952,76,2233,78
TID262CID2,18.457281,-33.787952,46,1786,199
TID262CID3,18.457281,-33.787952,10,2390,305
TID263CID1,18.457315,-34.077976,55,1972,69
TID263CID2,18.457315,-34.077976,83,521,176
TID263CID3,18.457315,-34.077976,65,1321,287
TID264CID1,18.4577179,-33.79051208,6,1963,46
TID264CID2,18.4577179,-33.79051208,99,1357,186
TID264CID3,18.4577179,-33.79051208,12,1041,316
TID265CID1,18.4577179,-33.93882751,87,1539,78
TID265CID2,18.4577179,-33.93882751,40,1826,168
TID265CID3,18.4577179,-33.93882751,40,2483,295
TID266CID1,18.4577179,-33.98551941,90,1331,59
TID266CID2,18.4577179,-33.98551941,68,2066,172
TID266CID3,18.4577179,-33.98551941,73,608,306
TID267CID1,18.4577179,-34.06791687,51,1708,64
TID267CID2,18.4577179,-34.06791687,56,1912,181
TID267CID3,18.4577179,-34.06791687,90,605,288
TID268CID1,18.4577179,-34.20661926,72,325,40
TID268CID2,18.4577179,-34.20661926,98,810,179
TID268CID3,18.4577179,-34.20661926,20,335,299
TID269CID1,18.4577179,-34.2615509,94,1372,40
TID269CID2,18.4577179,-34.2615509,90,1296,197
TID269CID3,18.4577179,-34.2615509,11,1131,291
TID270CID1,18.457773,-33.796108,96,2255,62
TID270CID2,18.457773,-33.796108,17,2331,183
TID270CID3,18.457773,-33.796108,50,1265,295
TID271CID1,18.45909119,-33.79051208,29,1050,50
TID271CID2,18.45909119,-33.79051208,7,1851,192
TID271CID3,18.45909119,-33.79051208,37,2363,286
TID272CID1,18.45909119,-33.92784119,80,2030,54
TID272CID2,18.45909119,-33.92784119,49,1710,183
TID272CID3,18.45909119,-33.92784119,66,109,280
TID273CID1,18.45909119,-33.93333435,25,1456,60
TID273CID2,18.45909119,-33.93333435,99,1073,199
TID273CID3,18.45909119,-33.93333435,74,662,305
TID274CID1,18.45909119,-33.95256042,70,2440,73
TID274CID2,18.45909119,-33.95256042,28,347,165
TID274CID3,18.45909119,-33.95256042,15,540,289
TID275CID1,18.45909119,-33.98277283,17,594,63
TID275CID2,18.45909119,-33.98277283,37,397,174
TID275CID3,18.45909119,-33.98277283,58,316,307
TID276CID1,18.45909119,-33.99375916,55,1080,57
TID276CID2,18.45909119,-33.99375916,35,1673,184
TID276CID3,18.45909119,-33.99375916,35,464,298
TID277CID1,18.45909119,-34.06242371,37,190,61
TID277CID2,18.45909119,-34.06242371,50,637,183
TID277CID3,18.45909119,-34.06242371,71,610,284
TID278CID1,18.45909119,-34.20936584,85,842,40
TID278CID2,18.45909119,-34.20936584,22,1206,168
TID278CID3,18.45909119,-34.20936584,35,465,301
TID279CID1,18.459715,-33.928185,68,1396,47
TID279CID2,18.459715,-33.928185,51,117,167
TID279CID3,18.459715,-33.928185,47,720,320
TID280CID1,18.46046448,-33.92097473,24,641,61
TID280CID2,18.46046448,-33.92097473,11,2070,187
TID280CID3,18.46046448,-33.92097473,2,962,297
TID281CID1,18.46046448,-33.92921448,93,1734,41
TID281CID2,18.46046448,-33.92921448,27,1975,178
TID281CID3,18.46046448,-33.92921448,11,1979,308
TID282CID1,18.46046448,-33.95942688,99,2082,40
TID282CID2,18.46046448,-33.95942688,91,1261,185
TID282CID3,18.46046448,-33.95942688,26,683,303
TID283CID1,18.46046448,-33.96492004,0,2308,51
TID283CID2,18.46046448,-33.96492004,76,2069,180
TID283CID3,18.46046448,-33.96492004,67,877,292
TID284CID1,18.46046448,-34.11460876,91,2457,76
TID284CID2,18.46046448,-34.11460876,83,2114,175
TID284CID3,18.46046448,-34.11460876,68,927,284
TID285CID1,18.46046448,-34.26979065,44,529,46
TID285CID2,18.46046448,-34.26979065,28,1376,165
TID285CID3,18.46046448,-34.26979065,11,1468,318
TID286CID1,18.460894,-34.075829,100,1181,49
TID286CID2,18.460894,-34.075829,77,1401,190
TID286CID3,18.460894,-34.075829,87,516,300
TID287CID1,18.461151,-34.213486,54,936,65
TID287CID2,18.461151,-34.213486,52,1648,174
TID287CID3,18.461151,-34.213486,95,1244,318
TID288CID1,18.461304,-34.215302,34,1305,45
TID288CID2,18.461304,-34.215302,85,627,173
TID288CID3,18.461304,-34.215302,38,2009,309
TID289CID1,18.4613,-34.215179,52,964,63
TID289CID2,18.4613,-34.215179,71,1262,179
TID289CID3,18.4613,-34.215179,9,2097,297
TID290CID1,18.461348,-34.215382,5,1051,41
TID290CID2,18.461348,-34.215382,32,526,173
TID290CID3,18.461348,-34.215382,74,1089,294
TID291CID1,18.461376,-34.21521,46,483,69
TID291CID2,18.461376,-34.21521,19,660,170
TID291CID3,18.461376,-34.21521,89,1025,302
TID292CID1,18.461392,-34.215224,46,1780,60
TID292CID2,18.461392,-34.215224,96,1082,196
TID292CID3,18.461392,-34.215224,39,1951,303
TID293CID1,18.461443,-34.215267,95,431,61
TID293CID2,18.461443,-34.215267,78,213,197
TID293CID3,18.461443,-34.215267,20,777,282
TID294CID1,18.461452,-34.215256,40,2039,53
TID294CID2,18.461452,-34.215256,28,757,162
TID294CID3,18.461452,-34.215256,28,1924,314
TID295CID1,18.461472,-34.215172,69,497,54
TID295CID2,18.461472,-34.215172,43,1966,178
TID295CID3,18.461472,-34.215172,39,2010,317
TID296CID1,18.461498,-34.215145,96,1281,46
TID296CID2,18.461498,-34.215145,95,457,200
TID296CID3,18.461498,-34.215145,22,1775,287
TID297CID1,18.461498,-34.215225,35,1914,77
TID297CID2,18.461498,-34.215225,97,1546,191
TID297CID3,18.461498,-34.215225,25,1921,299
TID298CID1,18.461519,-34.21513,87,1569,76
TID298CID2,18.461519,-34.21513,85,1158,196
TID298CID3,18.461519,-34.21513,42,2296,313
TID299CID1,18.461578,-34.215233,23,283,49
TID299CID2,18.461578,-34.215233,9,1507,176
TID299CID3,18.461578,-34.215233,39,583,291
TID300CID1,18.46183777,-33.92097473,80,1946,44
TID300CID2,18.46183777,-33.92097473,23,2058,191
TID300CID3,18.46183777,-33.92097473,24,1723,288
TID301CID1,18.46183777,-33.95805359,74,351,63
TID301CID2,18.46183777,-33.95805359,47,190,190
TID301CID3,18.46183777,-33.95805359,80,1633,297
TID302CID1,18.46183777,-33.98551941,79,1033,41
TID302CID2,18.46183777,-33.98551941,25,2451,181
TID302CID3,18.46183777,-33.98551941,56,1819,311
TID303CID1,18.46183777,-34.05281067,8,2155,55
TID303CID2,18.46183777,-34.05281067,90,2497,173
TID303CID3,18.46183777,-34.05281067,26,712,310
TID304CID1,18.462536,-33.93166,83,162,67
TID304CID2,18.462536,-33.93166,88,1582,197
TID304CID3,18.462536,-33.93166,35,620,307
TID305CID1,18.46321106,-33.91548157,15,756,51
TID305CID2,18.46321106,-33.91548157,19,911,179
TID305CID3,18.46321106,-33.91548157,46,2178,312
TID306CID1,18.46321106,-33.92097473,12,1307,51
TID306CID2,18.46321106,-33.92097473,18,328,194
TID306CID3,18.46321106,-33.92097473,62,1183,309
TID307CID1,18.46321106,-33.93745422,28,1072,74
TID307CID2,18.46321106,-33.93745422,32,836,194
TID307CID3,18.46321106,-33.93745422,64,994,316
TID308CID1,18.46321106,-33.95530701,72,927,54
TID308CID2,18.46321106,-33.95530701,2,1544,161
TID308CID3,18.46321106,-33.95530701,58,1123,283
TID309CID1,18.46321106,-34.09263611,16,252,49
TID309CID2,18.46321106,-34.09263611,52,794,178
TID309CID3,18.46321106,-34.09263611,76,793,298
TID310CID1,18.46321106,-34.11323547,80,1981,50
TID310CID2,18.46321106,-34.11323547,5,2383,168
TID310CID3,18.46321106,-34.11323547,69,1250,311
TID311CID1,18.463736,-33.937656,93,56,80
TID311CID2,18.463736,-33.937656,64,1028,175
TID311CID3,18.463736,-33.937656,33,882,280
TID312CID1,18.463745,-34.063358,28,565,42
TID312CID2,18.463745,-34.063358,79,1011,194
TID312CID3,18.463745,-34.063358,91,144,314
TID313CID1,18.463747,-34.037998,71,1087,61
TID313CID2,18.463747,-34.037998,88,2063,169
TID313CID3,18.463747,-34.037998,48,1352,308
TID314CID1,18.463898,-33.920975,54,2165,69
TID314CID2,18.463898,-33.920975,29,1546,182
TID314CID3,18.463898,-33.920975,67,778,302
TID315CID1,18.464027,-33.978405,4,1530,75
TID315CID2,18.464027,-33.978405,7,1345,166
TID315CID3,18.464027,-33.978405,65,1635,300
TID316CID1,18.464069,-33.941597,11,1467,47
TID316CID2,18.464069,-33.941597,30,493,170
TID316CID3,18.464069,-33.941597,49,432,320
TID317CID1,18.46458435,-33.92097473,79,1604,43
TID317CID2,18.46458435,-33.92097473,13,2127,164
TID317CID3,18.46458435,-33.92097473,53,542,292
TID318CID1,18.46458435,-33.94294739,59,2351,73
TID318CID2,18.46458435,-33.94294739,31,668,161
TID318CID3,18.46458435,-33.94294739,18,707,300
TID319CID1,18.46458435,-33.95530701,70,332,55
TID319CID2,18.46458435,-33.95530701,94,1834,167
TID319CID3,18.46458435,-33.95530701,79,532,282
TID320CID1,18.46458435,-33.97590637,44,2292,79
TID320CID2,18.46458435,-33.97590637,57,2173,161
TID320CID3,18.46458435,-33.97590637,39,2314,318
TID321CID1,18.46458435,-33.98414612,42,913,57
TID321CID2,18.46458435,-33.98414612,68,2131,168
TID321CID3,18.46458435,-33.98414612,22,430,309
TID322CID1,18.46458435,-34.03495789,45,871,78
TID322CID2,18.46458435,-34.03495789,82,2305,183
TID322CID3,18.46458435,-34.03495789,50,1075,290
TID323CID1,18.464584,-34.036331,45,944,48
TID323CID2,18.46458435,-34.03633118,19,1957,165
TID323CID3,18.46458435,-34.03633118,23,1383,287
TID324CID1,18.46458435,-34.09812927,77,1305,50
TID324CID2,18.46458435,-34.09812927,70,1061,192
TID324CID3,18.46458435,-34.09812927,40,1910,295
TID325CID1,18.465645,-33.96767,18,1324,72
TID325CID2,18.465645,-33.96767,34,129,180
TID325CID3,18.465645,-33.96767,4,1059,310
TID326CID1,18.46595764,-33.94294739,21,304,74
TID326CID2,18.46595764,-33.94294739,27,1270,168
TID326CID3,18.465958,-33.942947,53,1138,314
TID327CID1,18.46595764,-33.95118713,3,445,40
TID327CID2,18.46595764,-33.95118713,55,1078,168
TID327CID3,18.46595764,-33.95118713,82,2325,302
TID328CID1,18.46595764,-33.98277283,43,1000,55
TID328CID2,18.46595764,-33.98277283,48,1846,165
TID328CID3,18.46595764,-33.98277283,31,814,305
TID329CID1,18.46595764,-33.9868927,77,635,40
TID329CID2,18.46595764,-33.9868927,84,2474,169
TID329CID3,18.46595764,-33.9868927,91,2156,302
TID330CID1,18.46595764,-33.98826599,8,966,64
TID330CID2,18.46595764,-33.98826599,93,521,180
TID330CID3,18.465958,-33.988266,27,814,297
TID331CID1,18.46595764,-33.98963928,80,1958,42
TID331CID2,18.46595764,-33.98963928,36,1236,188
TID331CID3,18.46595764,-33.98963928,78,1035,303
TID332CID1,18.46595764,-34.2615509,23,2400,76
TID332CID2,18.46595764,-34.2615509,59,830,186
TID332CID3,18.46595764,-34.2615509,37,697,285
TID333CID1,18.466808,-33.98315,6,2282,51
TID333CID2,18.466808,-33.98315,32,1083,184
TID333CID3,18.466808,-33.98315,56,498,293
TID334CID1,18.4669,-33.807117,10,1248,61
TID334CID2,18.4669,-33.807117,30,1107,179
TID334CID3,18.4669,-33.807117,11,646,309
